,PC1,PC2,PC3,PC4,PC5,PC6,PC7,PC8
net_sales_adj_norm,0.6984960409420878,0.6868600790199941,-0.03449207967882521,0.17209422674538621,0.07711992650256184,0.03350024340146725,0.04950389894069345,2.8551098116492807e-05
margin_norm,0.690981678744932,-0.6844450315197326,0.22049980943492922,-0.0341196479181126,0.04316852005510329,-0.04638766761049056,-0.016723144572861268,-4.168210539678724e-05
pm_refrigerator_pct_norm,0.06909723790906858,0.11574502688673464,-0.018874425247189096,-0.5526834276556764,-0.18883008667522624,-0.5309487933681625,-0.019590070411168385,0.5983863732230973
pm_washer_pct_norm,0.05920776674861754,-0.018516590619198504,-0.01235644776580028,0.08479207419789232,-0.6062624890538384,0.5912766553189893,-0.33776806348063876,0.3969378353267497
pm_oven_pct_norm,-0.0392451791864744,0.017911858764238696,0.04078472394271981,-0.1823943348270528,0.748548945904117,0.3267605505921946,-0.4197459557282486,0.34629935742713286
pm_other_pct_norm,-0.08487662170387171,-0.11287458852191873,0.0035638817714770082,0.5962601119840992,0.1564297846660556,-0.049521037467511936,0.4828490967814986,0.6036974432713271
nps_norm,0.03794027959981751,0.011571702471522057,-0.012533892887914256,-0.5174630915367874,0.04125751592570527,0.5059474022296034,0.6876163739200615,-0.0004971778808607974
sales_new_norm,-0.12721604725698066,0.18117131004372145,0.9735748616914355,0.0029822930338341564,-0.04979963834979242,0.001910309746161316,0.02554348377151754,-7.430902650791393e-05
