,net_sales_adj,margin_pct,nps,sales_new_pct_of_sales,pm_refrigerator_pct,pm_washer_pct,pm_oven_pct,pm_other_pct
net_sales_adj,1.0,0.05329173277136194,0.11256679729526359,0.021245717730960775,0.45028291810360493,0.17236270250633812,-0.09630803598534413,-0.46418751784491713
margin_pct,0.05329173277136194,1.0,0.08999479407567944,-0.20644859869644094,-0.09837374532835645,0.28732598222620076,-0.17625286290058617,0.039815472130948194
nps,0.11256679729526359,0.08999479407567944,1.0,-0.05152398832945096,0.5676324724227986,-0.053916657090553974,0.21339687158733525,-0.6056222543230726
sales_new_pct_of_sales,0.021245717730960775,-0.20644859869644094,-0.05152398832945096,1.0,0.025158698341354906,-0.12271013541582626,0.16720730160270084,-0.04004276114147171
pm_refrigerator_pct,0.45028291810360493,-0.09837374532835645,0.5676324724227986,0.025158698341354906,1.0,-0.12526559385078642,0.018492303451934748,-0.9011907411495012
pm_washer_pct,0.17236270250633812,0.28732598222620076,-0.053916657090553974,-0.12271013541582626,-0.12526559385078642,1.0,-0.5073644387376167,-0.11397106900293191
pm_oven_pct,-0.09630803598534413,-0.17625286290058617,0.21339687158733525,0.16720730160270084,0.018492303451934748,-0.5073644387376167,1.0,-0.21710410158361168
pm_other_pct,-0.46418751784491713,0.039815472130948194,-0.6056222543230726,-0.04004276114147171,-0.9011907411495012,-0.11397106900293191,-0.21710410158361168,1.0
