,net_sales_adj,margin_pct,nps,sales_new_pct_of_sales,pm_refrigerator_pct,pm_washer_pct,pm_oven_pct,pm_other_pct
net_sales_adj,1.0,0.029870653151249878,0.13687135315365379,0.02859206981014292,0.5489051914667361,0.1595409153123766,-0.13569542996070888,-0.5349079554414481
margin_pct,0.029870653151249878,1.0,0.0841657752512892,-0.1988746092585141,-0.08983924528120432,0.22541200150391077,-0.16861895114988246,0.04058522760417671
nps,0.13687135315365379,0.0841657752512892,1.0,-0.10164216847959455,0.57319106457304,-0.015423307437444524,0.2335417557628092,-0.6145745065194029
sales_new_pct_of_sales,0.02859206981014292,-0.1988746092585141,-0.10164216847959455,1.0,-0.042973851685249524,-0.1331026730988451,0.13330924937854186,-0.018451363721862964
pm_refrigerator_pct,0.5489051914667361,-0.08983924528120432,0.57319106457304,-0.042973851685249524,1.0,0.011005349874893313,-0.0171747770377084,-0.8960831446864057
pm_washer_pct,0.1595409153123766,0.22541200150391077,-0.015423307437444524,-0.1331026730988451,0.011005349874893313,1.0,-0.4395419614371255,-0.2059918855472699
pm_oven_pct,-0.13569542996070888,-0.16861895114988246,0.2335417557628092,0.13330924937854186,-0.0171747770377084,-0.4395419614371255,1.0,-0.19369137822057014
pm_other_pct,-0.5349079554414481,0.04058522760417671,-0.6145745065194029,-0.018451363721862964,-0.8960831446864057,-0.2059918855472699,-0.19369137822057014,1.0
