Feature,VIF
const,400410584.2415978
net_sales_adj,1.4335120970058282
margin_pct,1.194580068267908
nps,1.8994205738556298
sales_new_pct_of_sales,1.0910381134427862
pm_refrigerator_pct,182028.7025557843
pm_washer_pct,40871.90529783638
pm_oven_pct,36966.81648173116
pm_other_pct,201707.11625463708
