KPI,Weight
net_sales_adj,0.08176127890635893
margin_pct,0.1151701860484933
nps,0.11053420167939466
sales_new_pct_of_sales,0.21367379315703944
pm_refrigerator_pct,0.18527269128881968
pm_washer_pct,0.09876053439810936
pm_oven_pct,0.05859520589600395
pm_other_pct,0.1362321086257807
