KPI,Weight
net_sales_adj,0.10353445834466171
margin_pct,0.1515508524159056
nps,0.1243512462079066
sales_new_pct_of_sales,0.14923832755264363
pm_refrigerator_pct,0.12598542868832877
pm_washer_pct,0.10501682396943242
pm_oven_pct,0.11420888234677783
pm_other_pct,0.1261139804743434
