,Communality,Weight
net_sales_adj_norm,0.9596734873631234,0.4798367436815617
margin_norm,0.9459206815332122,0.4729603407666061
pm_refrigerator_pct_norm,0.01817133953567333,0.009085669767836665
pm_washer_pct_norm,0.0038484237715176862,0.0019242118857588431
pm_oven_pct_norm,0.0018610187737685148,0.0009305093868842574
pm_other_pct_norm,0.019944713645854605,0.009972356822927303
nps_norm,0.0015733691142017564,0.0007866845571008782
sales_new_norm,0.04900696626264854,0.02450348313132427
