,Communality,Weight
net_sales_adj_norm,0.9975493631745044,0.1662582271957507
margin_norm,0.9997203346981974,0.16662005578303288
pm_refrigerator_pct_norm,0.6415499774821934,0.10692499624703222
pm_washer_pct_norm,0.7283530901786539,0.1213921816964423
pm_oven_pct_norm,0.7038900876953343,0.11731501461588904
pm_other_pct_norm,0.4024061467249535,0.06706769112082557
nps_norm,0.527183475131181,0.08786391252186349
sales_new_norm,0.9993475249149826,0.16655792081916374
