,Communality,Weight
net_sales_adj_norm,0.9999999999999999,0.12499999999999999
margin_norm,1.0000000000000002,0.12500000000000003
pm_refrigerator_pct_norm,0.9999999999999999,0.12499999999999999
pm_washer_pct_norm,1.0000000000000004,0.12500000000000006
pm_oven_pct_norm,1.0000000000000002,0.12500000000000003
pm_other_pct_norm,0.9999999999999998,0.12499999999999997
nps_norm,1.0,0.125
sales_new_norm,0.9999999999999998,0.12499999999999997
