,Communality,Weight
net_sales_adj_norm,0.9608631909236939,0.320287730307898
margin_norm,0.9945408474940522,0.33151361583135075
pm_refrigerator_pct_norm,0.018527583464085055,0.0061758611546950185
pm_washer_pct_norm,0.004001105572906635,0.001333701857635545
pm_oven_pct_norm,0.0035244124808523764,0.0011748041602841254
pm_other_pct_norm,0.019957414899135672,0.006652471633045224
nps_norm,0.0017304675851274626,0.0005768225283758209
sales_new_norm,0.9968549775801465,0.3322849925267155
