,Communality,Weight
net_sales_adj_norm,0.9904796138027863,0.24761990345069662
margin_norm,0.9957049978681082,0.2489262494670271
pm_refrigerator_pct_norm,0.3239865546693123,0.08099663866732809
pm_washer_pct_norm,0.011190801419687507,0.0027977003549218772
pm_oven_pct_norm,0.036792105857855424,0.009198026464463858
pm_other_pct_norm,0.37548353604242624,0.09387088401060659
nps_norm,0.26949851868793706,0.06737462967198428
sales_new_norm,0.9968638716518862,0.2492159679129716
