,Communality,Weight
net_sales_adj_norm,0.9999999991848347,0.14285714274069067
margin_norm,0.9999999982626022,0.14285714260894317
pm_refrigerator_pct_norm,0.641933748340908,0.09170482119155828
pm_washer_pct_norm,0.8424403548861147,0.1203486221265878
pm_oven_pct_norm,0.8800767550455552,0.12572525072079357
pm_other_pct_norm,0.6355493969876626,0.0907927709982375
nps_norm,0.9999997528141549,0.14285710754487924
sales_new_norm,0.9999999944781683,0.14285714206830974
