,Communality,Weight
net_sales_adj_norm,0.9964270968665468,0.19928541937330937
margin_norm,0.9975685189918561,0.19951370379837122
pm_refrigerator_pct_norm,0.35964335630308575,0.07192867126061715
pm_washer_pct_norm,0.37874500705344305,0.0757490014106886
pm_oven_pct_norm,0.5971176302720201,0.11942352605440403
pm_other_pct_norm,0.3999538135730948,0.07999076271461895
nps_norm,0.2712007013082969,0.054240140261659374
sales_new_norm,0.9993438756316563,0.19986877512633125
