,Communality,Weight
net_sales_adj_norm,0.48789671921177086,0.487896719211771
margin_norm,0.4774556803611644,0.4774556803611646
pm_refrigerator_pct_norm,0.004774428286662414,0.004774428286662416
pm_washer_pct_norm,0.0035055596433586963,0.0035055596433586976
pm_oven_pct_norm,0.0015401840893784838,0.0015401840893784842
pm_other_pct_norm,0.007204040911862144,0.007204040911862147
nps_norm,0.001439464816112328,0.0014394648161123284
sales_new_norm,0.01618392267969032,0.016183922679690328
